

INSERT INTO pocomptrans.po01_t_main (po01_pono, po01_status, po01_quoteno, po01_quotedate, mf13mpcmast_po01_pccode, po01_contactperson, po01_contactpersonname, po01_contactpersonphone, po01_contactpersonemail, po01_addressline1, po01_addressline2, po01_addressline3, po01_postcode, po01_postarea, mf11mcompmast_po01_compcode, po01_termsandconditionsportrait, po01_termsandconditionslandscape, po01_storename, po01_departmentname, mf01mvendorbranch_po01_vendorcode, po01_vendorname, po01_vendorpersonincharge, po01_vendorpersoninchargephone, po01_vendorpersoninchargeemail, po01_vendoraddressline1, po01_vendoraddressline2, po01_vendoraddressline3, po01_vendorpostcode, po01_vendorpostarea, mf02mcreditterms_po01_credittermscode, po01_currency, mf17mordcatmast_po01_ordcatcode, po01_ordercategoryauthorizationgrid, mf18mordsubcmast_po01_ordsubccode, mf15mprmast_po01_prtypecode, mf16mgstmast_po01_taxcode, po01_paymentterms, po01_deliveryinstruction, po01_totinclgst, po01_totexclgst, po01_totgst, mf12mempmast_po01_issuer, po01_issuedon, mf12mempmast_po01_verifier, po01_verifiedon, po01_verifyremark, mf12mempmast_po01_authorizer, po01_authorizedon, po01_authorizeremark, po01_lastprintedby, po01_lastprintedon, po01_redraftremark, po01_rejectremark, po01_closeexception, po01_firstapprover, po01_secondapprover, po01_thirdapprover, po01_deleteremark, po01_cancelremark, po01_expirystatus, po01_expirydays, po01_expiredate, po01_overalldiscount, po01_firstapproverdesignation, po01_secondapproverdesignation, po01_thirdapproverdesignation) VALUES ('080PO17012500200031', 'Draft', 'QT/454/2017', '2017-09-23', '0125002', '0002040', 'E Geak Neo', '091345676', 'a@gmail.com', NULL, NULL, NULL, NULL, NULL, '080', '/home/siroi/workspace/poAdmin/poAdmin-ui/uploaded files/terms and conditions/Policy.pdf', '/home/siroi/workspace/poAdmin/poAdmin-ui/uploaded files/terms and conditions/Policy.pdf', 'West Coast KLCC', 'Parkson Klang', '000001', 'COM-A-Vendor Name-1', 'Vendor Contact Person Name', '0123456789', 'contactemail@vendor01.com', 'Vendor Address Line #1', 'Vendor Address Line #2', 'Vendor Address Line #3', '59200', 'Kuala Lumpur', '01', 'RM ', 'REQ-NEW STORE-IT', 'uploaded files/authorization grid/Sample Authorization Grid.pdf', 'New Items', 'CAPEX', NULL, '3 months', 'delivery inst', 0, 0, 0, '0002040', NULL, '0002041', NULL, NULL, '0002041', NULL, NULL, NULL, NULL, NULL, NULL, NULL, 'John', 'James', 'Monir', NULL, NULL, false, 0, NULL, NULL, NULL, NULL, NULL);
INSERT INTO pocomptrans.po01_t_main (po01_pono, po01_status, po01_quoteno, po01_quotedate, mf13mpcmast_po01_pccode, po01_contactperson, po01_contactpersonname, po01_contactpersonphone, po01_contactpersonemail, po01_addressline1, po01_addressline2, po01_addressline3, po01_postcode, po01_postarea, mf11mcompmast_po01_compcode, po01_termsandconditionsportrait, po01_termsandconditionslandscape, po01_storename, po01_departmentname, mf01mvendorbranch_po01_vendorcode, po01_vendorname, po01_vendorpersonincharge, po01_vendorpersoninchargephone, po01_vendorpersoninchargeemail, po01_vendoraddressline1, po01_vendoraddressline2, po01_vendoraddressline3, po01_vendorpostcode, po01_vendorpostarea, mf02mcreditterms_po01_credittermscode, po01_currency, mf17mordcatmast_po01_ordcatcode, po01_ordercategoryauthorizationgrid, mf18mordsubcmast_po01_ordsubccode, mf15mprmast_po01_prtypecode, mf16mgstmast_po01_taxcode, po01_paymentterms, po01_deliveryinstruction, po01_totinclgst, po01_totexclgst, po01_totgst, mf12mempmast_po01_issuer, po01_issuedon, mf12mempmast_po01_verifier, po01_verifiedon, po01_verifyremark, mf12mempmast_po01_authorizer, po01_authorizedon, po01_authorizeremark, po01_lastprintedby, po01_lastprintedon, po01_redraftremark, po01_rejectremark, po01_closeexception, po01_firstapprover, po01_secondapprover, po01_thirdapprover, po01_deleteremark, po01_cancelremark, po01_expirystatus, po01_expirydays, po01_expiredate, po01_overalldiscount, po01_firstapproverdesignation, po01_secondapproverdesignation, po01_thirdapproverdesignation) VALUES ('080PO17012500200028', 'Verified', '123', '2017-09-28', '0125002', '0002040', 'E Geak Neo', '091345676', 'a@gmail.com', NULL, NULL, NULL, NULL, NULL, '080', '/home/siroi/workspace/poAdmin/poAdmin-ui/uploaded files/terms and conditions/Policy.pdf', '/home/siroi/workspace/poAdmin/poAdmin-ui/uploaded files/terms and conditions/Policy.pdf', 'West Coast KLCC', 'Parkson Klang', '001987', 'mohd', 'john', '01114247850', 'A@h.com', 'test', 'add', 'add', '7800', 'kl', '02', 'gt ', 'REQ-NEW STORE-IT', 'uploaded files/authorization grid/Sample Authorization Grid.pdf', 'New Items', 'CAPEX', NULL, 'uighu7g', 'ytfuyf', 40.15, 33.18, 6.97, '0002040', '2017-09-29 10:13:04.542', '0002040', '2017-09-29 10:13:24.625', '', '0002041', NULL, NULL, NULL, NULL, NULL, NULL, NULL, 'ub', 'SH', 'ONN', NULL, NULL, false, 0, NULL, NULL, NULL, NULL, NULL);
INSERT INTO pocomptrans.po01_t_main (po01_pono, po01_status, po01_quoteno, po01_quotedate, mf13mpcmast_po01_pccode, po01_contactperson, po01_contactpersonname, po01_contactpersonphone, po01_contactpersonemail, po01_addressline1, po01_addressline2, po01_addressline3, po01_postcode, po01_postarea, mf11mcompmast_po01_compcode, po01_termsandconditionsportrait, po01_termsandconditionslandscape, po01_storename, po01_departmentname, mf01mvendorbranch_po01_vendorcode, po01_vendorname, po01_vendorpersonincharge, po01_vendorpersoninchargephone, po01_vendorpersoninchargeemail, po01_vendoraddressline1, po01_vendoraddressline2, po01_vendoraddressline3, po01_vendorpostcode, po01_vendorpostarea, mf02mcreditterms_po01_credittermscode, po01_currency, mf17mordcatmast_po01_ordcatcode, po01_ordercategoryauthorizationgrid, mf18mordsubcmast_po01_ordsubccode, mf15mprmast_po01_prtypecode, mf16mgstmast_po01_taxcode, po01_paymentterms, po01_deliveryinstruction, po01_totinclgst, po01_totexclgst, po01_totgst, mf12mempmast_po01_issuer, po01_issuedon, mf12mempmast_po01_verifier, po01_verifiedon, po01_verifyremark, mf12mempmast_po01_authorizer, po01_authorizedon, po01_authorizeremark, po01_lastprintedby, po01_lastprintedon, po01_redraftremark, po01_rejectremark, po01_closeexception, po01_firstapprover, po01_secondapprover, po01_thirdapprover, po01_deleteremark, po01_cancelremark, po01_expirystatus, po01_expirydays, po01_expiredate, po01_overalldiscount, po01_firstapproverdesignation, po01_secondapproverdesignation, po01_thirdapproverdesignation) VALUES ('080PO17012500200033', 'Deleted', 'QT/454/2017', '2017-09-23', '0125002', '0002040', 'E Geak Neo', '091345676', 'a@gmail.com', NULL, NULL, NULL, NULL, NULL, '080', '/home/siroi/workspace/poAdmin/poAdmin-ui/uploaded files/terms and conditions/Policy.pdf', '/home/siroi/workspace/poAdmin/poAdmin-ui/uploaded files/terms and conditions/Policy.pdf', NULL, NULL, '000001', 'COM-A-Vendor Name-1', 'Vendor Contact Person Name', '0123456789', 'contactemail@vendor01.com', 'Vendor Address Line #1', 'Vendor Address Line #2', 'Vendor Address Line #3', '59200', 'Kuala Lumpur', '01', 'RM ', 'REQ-NEW STORE-IT', 'uploaded files/authorization grid/Sample Authorization Grid.pdf', 'New Items', 'CAPEX', NULL, '3 months', 'delivery inst', 18230, 17855, 375, '0002040', NULL, '0002041', NULL, NULL, '0002041', NULL, NULL, NULL, NULL, NULL, NULL, NULL, 'John', 'James', 'Monir', '', NULL, false, 0, NULL, NULL, NULL, NULL, NULL);
INSERT INTO pocomptrans.po01_t_main (po01_pono, po01_status, po01_quoteno, po01_quotedate, mf13mpcmast_po01_pccode, po01_contactperson, po01_contactpersonname, po01_contactpersonphone, po01_contactpersonemail, po01_addressline1, po01_addressline2, po01_addressline3, po01_postcode, po01_postarea, mf11mcompmast_po01_compcode, po01_termsandconditionsportrait, po01_termsandconditionslandscape, po01_storename, po01_departmentname, mf01mvendorbranch_po01_vendorcode, po01_vendorname, po01_vendorpersonincharge, po01_vendorpersoninchargephone, po01_vendorpersoninchargeemail, po01_vendoraddressline1, po01_vendoraddressline2, po01_vendoraddressline3, po01_vendorpostcode, po01_vendorpostarea, mf02mcreditterms_po01_credittermscode, po01_currency, mf17mordcatmast_po01_ordcatcode, po01_ordercategoryauthorizationgrid, mf18mordsubcmast_po01_ordsubccode, mf15mprmast_po01_prtypecode, mf16mgstmast_po01_taxcode, po01_paymentterms, po01_deliveryinstruction, po01_totinclgst, po01_totexclgst, po01_totgst, mf12mempmast_po01_issuer, po01_issuedon, mf12mempmast_po01_verifier, po01_verifiedon, po01_verifyremark, mf12mempmast_po01_authorizer, po01_authorizedon, po01_authorizeremark, po01_lastprintedby, po01_lastprintedon, po01_redraftremark, po01_rejectremark, po01_closeexception, po01_firstapprover, po01_secondapprover, po01_thirdapprover, po01_deleteremark, po01_cancelremark, po01_expirystatus, po01_expirydays, po01_expiredate, po01_overalldiscount, po01_firstapproverdesignation, po01_secondapproverdesignation, po01_thirdapproverdesignation) VALUES ('080PO17012500200030', 'Closed with Exception', 'QT/454/2017', '2017-09-23', '0125002', '0002040', 'E Geak Neo', '091345676', 'a@gmail.com', NULL, NULL, NULL, NULL, NULL, '080', '/home/siroi/workspace/poAdmin/poAdmin-ui/uploaded files/terms and conditions/Policy.pdf', '/home/siroi/workspace/poAdmin/poAdmin-ui/uploaded files/terms and conditions/Policy.pdf', NULL, NULL, '000001', 'COM-A-Vendor Name-1', 'Vendor Contact Person Name', '0123456789', 'contactemail@vendor01.com', 'Vendor Address Line #1', 'Vendor Address Line #2', 'Vendor Address Line #3', '59200', 'Kuala Lumpur', '01', 'RM ', 'REQ-NEW STORE-IT', 'uploaded files/authorization grid/Sample Authorization Grid.pdf', 'New Items', 'CAPEX', NULL, '3 months', 'delivery inst', 18230.07, 17855.49, 374.58, '0002040', '2017-09-29 10:57:29.296', '0002041', '2017-09-29 11:09:03.72', '', '0002041', '2017-09-29 11:11:42.115', '', NULL, NULL, NULL, NULL, 'small amount, ignored', 'John', 'James', 'Max', NULL, NULL, false, 0, NULL, NULL, NULL, NULL, NULL);
INSERT INTO pocomptrans.po01_t_main (po01_pono, po01_status, po01_quoteno, po01_quotedate, mf13mpcmast_po01_pccode, po01_contactperson, po01_contactpersonname, po01_contactpersonphone, po01_contactpersonemail, po01_addressline1, po01_addressline2, po01_addressline3, po01_postcode, po01_postarea, mf11mcompmast_po01_compcode, po01_termsandconditionsportrait, po01_termsandconditionslandscape, po01_storename, po01_departmentname, mf01mvendorbranch_po01_vendorcode, po01_vendorname, po01_vendorpersonincharge, po01_vendorpersoninchargephone, po01_vendorpersoninchargeemail, po01_vendoraddressline1, po01_vendoraddressline2, po01_vendoraddressline3, po01_vendorpostcode, po01_vendorpostarea, mf02mcreditterms_po01_credittermscode, po01_currency, mf17mordcatmast_po01_ordcatcode, po01_ordercategoryauthorizationgrid, mf18mordsubcmast_po01_ordsubccode, mf15mprmast_po01_prtypecode, mf16mgstmast_po01_taxcode, po01_paymentterms, po01_deliveryinstruction, po01_totinclgst, po01_totexclgst, po01_totgst, mf12mempmast_po01_issuer, po01_issuedon, mf12mempmast_po01_verifier, po01_verifiedon, po01_verifyremark, mf12mempmast_po01_authorizer, po01_authorizedon, po01_authorizeremark, po01_lastprintedby, po01_lastprintedon, po01_redraftremark, po01_rejectremark, po01_closeexception, po01_firstapprover, po01_secondapprover, po01_thirdapprover, po01_deleteremark, po01_cancelremark, po01_expirystatus, po01_expirydays, po01_expiredate, po01_overalldiscount, po01_firstapproverdesignation, po01_secondapproverdesignation, po01_thirdapproverdesignation) VALUES ('080PO1701232300055', 'Draft', '123', '2017-11-13', '0123001', '0002039', 'E Geak Neo', '574674687478', 'a@f.com', 'Address Line 1', 'Address Line 2', 'Address Line 3', '47200', 'KL Sentral', '080', '/home/siroi/workspace/poAdmin/poAdmin-ui/uploaded files/terms and conditions/Policy.pdf', '/home/siroi/workspace/poAdmin/poAdmin-ui/uploaded files/terms and conditions/Policy.pdf', 'Parkson KLCC', 'Palrkson Klang parade', '333333', 'VendorNameHere', 'LastContactName', '23232323', 'email@mail.com', 'Line1', 'Line2', 'Line3', '59200', 'dd', '11', 'ddd', 'ORDERCATCODE#1', 'uploaded files/authorization grid/scan_002.png', 'OrdSubCatCode#1', 'PURREQTY#1', NULL, 'fff', 'fff', 769.5, 769.5, 0, '0002039', NULL, NULL, NULL, NULL, NULL, NULL, NULL, NULL, NULL, NULL, NULL, NULL, NULL, NULL, NULL, NULL, NULL, false, 0, NULL, 0.00, NULL, NULL, NULL);
INSERT INTO pocomptrans.po01_t_main (po01_pono, po01_status, po01_quoteno, po01_quotedate, mf13mpcmast_po01_pccode, po01_contactperson, po01_contactpersonname, po01_contactpersonphone, po01_contactpersonemail, po01_addressline1, po01_addressline2, po01_addressline3, po01_postcode, po01_postarea, mf11mcompmast_po01_compcode, po01_termsandconditionsportrait, po01_termsandconditionslandscape, po01_storename, po01_departmentname, mf01mvendorbranch_po01_vendorcode, po01_vendorname, po01_vendorpersonincharge, po01_vendorpersoninchargephone, po01_vendorpersoninchargeemail, po01_vendoraddressline1, po01_vendoraddressline2, po01_vendoraddressline3, po01_vendorpostcode, po01_vendorpostarea, mf02mcreditterms_po01_credittermscode, po01_currency, mf17mordcatmast_po01_ordcatcode, po01_ordercategoryauthorizationgrid, mf18mordsubcmast_po01_ordsubccode, mf15mprmast_po01_prtypecode, mf16mgstmast_po01_taxcode, po01_paymentterms, po01_deliveryinstruction, po01_totinclgst, po01_totexclgst, po01_totgst, mf12mempmast_po01_issuer, po01_issuedon, mf12mempmast_po01_verifier, po01_verifiedon, po01_verifyremark, mf12mempmast_po01_authorizer, po01_authorizedon, po01_authorizeremark, po01_lastprintedby, po01_lastprintedon, po01_redraftremark, po01_rejectremark, po01_closeexception, po01_firstapprover, po01_secondapprover, po01_thirdapprover, po01_deleteremark, po01_cancelremark, po01_expirystatus, po01_expirydays, po01_expiredate, po01_overalldiscount, po01_firstapproverdesignation, po01_secondapproverdesignation, po01_thirdapproverdesignation) VALUES ('080PO1701232300056', 'Draft', '123', '2017-11-13', '0123001', '0002039', 'E Geak Neo', '574674687478', 'a@f.com', 'Address Line 1', 'Address Line 2', 'Address Line 3', '47200', 'KL Sentral', '080', '/home/siroi/workspace/poAdmin/poAdmin-ui/uploaded files/terms and conditions/Policy.pdf', '/home/siroi/workspace/poAdmin/poAdmin-ui/uploaded files/terms and conditions/Policy.pdf', 'Parkson KLCC', 'Palrkson Klang parade', '111111', 'Inna Ven Name1', 'Inna Ven Br Last Contact Person Name ', '11101010101', 'innaVenBr1@mail.com', 'Inna Vend Branch Address Line 1', 'Inna Vend Branch Address Line 2 1', 'Inna Vend Branch Address Line 3 1', '10000', 'Inna Ven Br Post Area 1', '22', 'RM ', 'INNA1CATCODE', 'uploaded files/authorization grid/geek-inside.sh-600x600.png', 'InnaSubCatCode1', 'INNA1', NULL, '123', '123', 0, 0, 0, '0002039', NULL, NULL, NULL, NULL, NULL, NULL, NULL, NULL, NULL, NULL, NULL, NULL, NULL, NULL, NULL, NULL, NULL, false, 0, NULL, 0.00, NULL, NULL, NULL);


INSERT INTO pocomptrans.po02_t_iteminfo (po02_itemno, po02_particulars, po02_packing) VALUES ('000332', 'Table', 'each');
INSERT INTO pocomptrans.po02_t_iteminfo (po02_itemno, po02_particulars, po02_packing) VALUES ('784200', 'Notebook1', 'each');
INSERT INTO pocomptrans.po02_t_iteminfo (po02_itemno, po02_particulars, po02_packing) VALUES ('3561836', 'Mug', 'each');
INSERT INTO pocomptrans.po02_t_iteminfo (po02_itemno, po02_particulars, po02_packing) VALUES ('673571', 'Plate', 'pack');



INSERT INTO pocomptrans.po03_t_itemmap (po03_unitpriceexclgst, po03_unitpriceinclgst, po03_discount, po03_totalexclgst, po03_totalinclgst, po03_totalgst, po03_quantity, po03_mapcode, po01tmain_po03_pono, po02titeminfo_po03_itemno, po03_itemorder, mf16mgstmast_po03_taxcode, po03_taxrate, po03_totaldiscount, po03_unitgst, mf13mpcmast_po03_pccode) VALUES (1852.00, 1882.37, 8.00, 10223.04, 10390.70, 167.66, 6, '080PO17012500200035000332', '080PO17012500200035', '000332', 2, 'SR', 1.64, 888.96, 30.37, '0123001');
INSERT INTO pocomptrans.po03_t_itemmap (po03_unitpriceexclgst, po03_unitpriceinclgst, po03_discount, po03_totalexclgst, po03_totalinclgst, po03_totalgst, po03_quantity, po03_mapcode, po01tmain_po03_pono, po02titeminfo_po03_itemno, po03_itemorder, mf16mgstmast_po03_taxcode, po03_taxrate, po03_totaldiscount, po03_unitgst, mf13mpcmast_po03_pccode) VALUES (156.00, 159.59, 5.00, 10374.00, 10612.60, 238.60, 70, '080PO17012500200035784200', '080PO17012500200035', '784200', 1, 'FG', 2.30, 546.00, 3.59, '0123001');
INSERT INTO pocomptrans.po03_t_itemmap (po03_unitpriceexclgst, po03_unitpriceinclgst, po03_discount, po03_totalexclgst, po03_totalinclgst, po03_totalgst, po03_quantity, po03_mapcode, po01tmain_po03_pono, po02titeminfo_po03_itemno, po03_itemorder, mf16mgstmast_po03_taxcode, po03_taxrate, po03_totaldiscount, po03_unitgst, mf13mpcmast_po03_pccode) VALUES (3483.12, 3552.09, 2.00, 17067.29, 17405.22, 337.93, 5, '080PO17012500200046000332', '080PO17012500200046', '000332', 2, 'FG', 1.98, 348.31, 68.97, '0123001');
INSERT INTO pocomptrans.po03_t_itemmap (po03_unitpriceexclgst, po03_unitpriceinclgst, po03_discount, po03_totalexclgst, po03_totalinclgst, po03_totalgst, po03_quantity, po03_mapcode, po01tmain_po03_pono, po02titeminfo_po03_itemno, po03_itemorder, mf16mgstmast_po03_taxcode, po03_taxrate, po03_totaldiscount, po03_unitgst, mf13mpcmast_po03_pccode) VALUES (15.00, 15.00, 5.00, 769.50, 769.50, 0.00, 54, '080PO1701232300055784200', '080PO1701232300055', '784200', 1, 'TXCODE1', 0.00, 40.50, 0.00, '0123001');


INSERT INTO pocomptrans.po04_t_usracs (po04_psid, po04_mypos, po04_tobeverified, po04_tobeauthorized, po04_viewrights, po04_draft, po04_redraft, po04_tobeinvoiced) VALUES ('0002040', '080PO17012500200027,080PO17012500200029,080PO17012500200028,080PO17012500200030,080PO17012500200033,080PO17012500200035,080PO1701253300078,', '', '080PO1701230200002,080PO1701232300035,', NULL, '080PO17012500200031,080PO17012500200032,080PO17012500200034,080PO17012500200036,080PO17012500200037,080PO1701253300079,', '080PO17012500200035,', '080PO17012500200029,');
INSERT INTO pocomptrans.po04_t_usracs (po04_psid, po04_mypos, po04_tobeverified, po04_tobeauthorized, po04_viewrights, po04_draft, po04_redraft, po04_tobeinvoiced) VALUES ('0002042', NULL, '080PO1701253300078,080PO1701253300078,', '080PO1701253300078,080PO1701232300035,', NULL, NULL, NULL, NULL);
INSERT INTO pocomptrans.po04_t_usracs (po04_psid, po04_mypos, po04_tobeverified, po04_tobeauthorized, po04_viewrights, po04_draft, po04_redraft, po04_tobeinvoiced) VALUES ('0002039', '080PO1701253300078,080PO1701232300035,080PO1701232300037,080PO1701232300036,080PO1701232300045,080PO1701232300042,080PO1701232300041,080PO1701253300080,080PO1701232300039,080PO1701232300038,080PO1701232300043,080PO1701232300040,080PO1700000000003,080PO1701232300052,', '080PO1701253300078,080PO1701253300078,', '080PO1701253300078,080PO1701253300078,080PO1701253300080,', NULL, '080PO1701232300044,080PO1701232300045,080PO170126#&00002,080PO170126#&00003,080PO1700000000001,080PO1701232300046,080PO1701232300047,080PO1700000000002,080PO1701232300048,080PO1701232300049,080PO1701232300050,080PO1701232300051,080PO1701232300053,080PO1701232300054,080PO1701232300055,080PO1701232300056,', '080PO1701232300035,080PO1701232300037,080PO1701232300040,', '080PO1701253300078,080PO1701232300035,080PO1701232300041,080PO1701253300080,080PO1701232300045,080PO1701232300038,080PO1700000000003,');
INSERT INTO pocomptrans.po04_t_usracs (po04_psid, po04_mypos, po04_tobeverified, po04_tobeauthorized, po04_viewrights, po04_draft, po04_redraft, po04_tobeinvoiced) VALUES ('0002043', NULL, '080PO1701253300078,', '080PO1701253300078,', NULL, NULL, NULL, NULL);



INSERT INTO pocomptrans.po05_t_invoice (po05_invoiceno, po05_recipient, po01tmain_po05_pono, po05_amount, po05_date, po05_poinvoiceno, po01_invoicenote) VALUES ('INV_5632', 'James', '080PO17012500200028', 120.00, '2017-09-20', '080PO17012500200027INV_5632', NULL);
INSERT INTO pocomptrans.po05_t_invoice (po05_invoiceno, po05_recipient, po01tmain_po05_pono, po05_amount, po05_date, po05_poinvoiceno, po01_invoicenote) VALUES ('INV_632', 'John', '080PO17012500200030', 100.00, '2017-09-10', '080PO17012500200027INV_632', NULL);
INSERT INTO pocomptrans.po05_t_invoice (po05_invoiceno, po05_recipient, po01tmain_po05_pono, po05_amount, po05_date, po05_poinvoiceno, po01_invoicenote) VALUES ('HM_45', 'Mike', '080PO17012500200030', 18230.00, '2017-09-12', '080PO17012500200030HM_45', NULL);
INSERT INTO pocomptrans.po05_t_invoice (po05_invoiceno, po05_recipient, po01tmain_po05_pono, po05_amount, po05_date, po05_poinvoiceno, po01_invoicenote) VALUES ('AN_24', 'Joe', '080PO17012500200031', 150.00, '2017-09-08', '080PO17012500200029AN_24', NULL);